{
  "color-primary-100": "#DAFDD8",
  "color-primary-200": "#B2FCB5",
  "color-primary-300": "#8AF799",
  "color-primary-400": "#6BEF8B",
  "color-primary-500": "#3DE576",
  "color-primary-600": "#2CC46F",
  "color-primary-700": "#1EA466",
  "color-primary-800": "#13845B",
  "color-primary-900": "#0B6D53",
  "color-primary-transparent-100": "rgba(61, 229, 118, 0.08)",
  "color-primary-transparent-200": "rgba(61, 229, 118, 0.16)",
  "color-primary-transparent-300": "rgba(61, 229, 118, 0.24)",
  "color-primary-transparent-400": "rgba(61, 229, 118, 0.32)",
  "color-primary-transparent-500": "rgba(61, 229, 118, 0.4)",
  "color-primary-transparent-600": "rgba(61, 229, 118, 0.48)",
  "color-success-100": "#E0FDD8",
  "color-success-200": "#BBFCB3",
  "color-success-300": "#8EF68B",
  "color-success-400": "#6DED76",
  "color-success-500": "#3FE25A",
  "color-success-600": "#2EC254",
  "color-success-700": "#1FA24E",
  "color-success-800": "#148345",
  "color-success-900": "#0C6C40",
  "color-success-transparent-100": "rgba(63, 226, 90, 0.08)",
  "color-success-transparent-200": "rgba(63, 226, 90, 0.16)",
  "color-success-transparent-300": "rgba(63, 226, 90, 0.24)",
  "color-success-transparent-400": "rgba(63, 226, 90, 0.32)",
  "color-success-transparent-500": "rgba(63, 226, 90, 0.4)",
  "color-success-transparent-600": "rgba(63, 226, 90, 0.48)",
  "color-info-100": "#DEE5FE",
  "color-info-200": "#BDCBFE",
  "color-info-300": "#9CAFFE",
  "color-info-400": "#8399FD",
  "color-info-500": "#5A75FC",
  "color-info-600": "#4158D8",
  "color-info-700": "#2D3FB5",
  "color-info-800": "#1C2A92",
  "color-info-900": "#111B78",
  "color-info-transparent-100": "rgba(90, 117, 252, 0.08)",
  "color-info-transparent-200": "rgba(90, 117, 252, 0.16)",
  "color-info-transparent-300": "rgba(90, 117, 252, 0.24)",
  "color-info-transparent-400": "rgba(90, 117, 252, 0.32)",
  "color-info-transparent-500": "rgba(90, 117, 252, 0.4)",
  "color-info-transparent-600": "rgba(90, 117, 252, 0.48)",
  "color-warning-100": "#FDFECE",
  "color-warning-200": "#FAFD9D",
  "color-warning-300": "#F5F96C",
  "color-warning-400": "#EEF447",
  "color-warning-500": "#E5ED0E",
  "color-warning-600": "#C4CB0A",
  "color-warning-700": "#A3AA07",
  "color-warning-800": "#838904",
  "color-warning-900": "#6C7102",
  "color-warning-transparent-100": "rgba(229, 237, 14, 0.08)",
  "color-warning-transparent-200": "rgba(229, 237, 14, 0.16)",
  "color-warning-transparent-300": "rgba(229, 237, 14, 0.24)",
  "color-warning-transparent-400": "rgba(229, 237, 14, 0.32)",
  "color-warning-transparent-500": "rgba(229, 237, 14, 0.4)",
  "color-warning-transparent-600": "rgba(229, 237, 14, 0.48)",
  "color-danger-100": "#FFEDE0",
  "color-danger-200": "#FFD6C2",
  "color-danger-300": "#FFBBA4",
  "color-danger-400": "#FFA08D",
  "color-danger-500": "#FF7568",
  "color-danger-600": "#DB4C4C",
  "color-danger-700": "#B7343E",
  "color-danger-800": "#932133",
  "color-danger-900": "#7A132C",
  "color-danger-transparent-100": "rgba(255, 117, 104, 0.08)",
  "color-danger-transparent-200": "rgba(255, 117, 104, 0.16)",
  "color-danger-transparent-300": "rgba(255, 117, 104, 0.24)",
  "color-danger-transparent-400": "rgba(255, 117, 104, 0.32)",
  "color-danger-transparent-500": "rgba(255, 117, 104, 0.4)",
  "color-danger-transparent-600": "rgba(255, 117, 104, 0.48)",
  "color-basic-100": "#FFFFFF",
  "color-basic-200": "#F5F5F5",
  "color-basic-300": "#F5F5F5",
  "color-basic-400": "#D4D4D4",
  "color-basic-500": "#B3B3B3",
  "color-basic-600": "#808080",
  "color-basic-700": "#4A4A4A",
  "color-basic-800": "#383838",
  "color-basic-900": "#292929",
  "color-basic-1000": "#1F1F1F",
  "color-basic-1100": "#141414",
  "color-basic-transparent-100": "rgba(128, 128, 128, 0.08)",
  "color-basic-transparent-200": "rgba(128, 128, 128, 0.16)",
  "color-basic-transparent-300": "rgba(128, 128, 128, 0.24)",
  "color-basic-transparent-400": "rgba(128, 128, 128, 0.32)",
  "color-basic-transparent-500": "rgba(128, 128, 128, 0.4)",
  "color-basic-transparent-600": "rgba(128, 128, 128, 0.48)",
  "text-basic-color": "$color-basic-400"

}